"PC1","PC2","PC3","PC4","PC5","PC6","PC7","PC8","PC9","PC10","PC11","PC12","PC13","PC14","PC15","PC16","PC17","PC18","PC19","PC20","PC21","PC22","PC23","PC24","PC25","PC26","PC27","PC28","PC29","PC30","PC31","PC32","PC33","PC34","PC35","PC36","PC37","PC38","PC39","PC40","PC41","PC42","PC43","PC44","PC45","PC46","PC47","PC48","PC49","PC50","PC51","PC52","PC53","PC54","PC55","PC56","PC57","PC58","PC59","PC60","PC61","PC62","PC63","PC64"
-0.0224429627538301,-0.0381469954202932,0.6820215130669,0.350596876050281,-0.161751960554945,0.0378206141471305,-0.110621002179722,0.106954168631715,-0.109752841416582,0.377422658137757,-0.00157588009629465,0.208017144492205,-0.232822827035634,0.142537221574486,-0.0725579463864651,0.123418301258761,-0.0917150272653743,0.0604119323767026,-0.010561583386137,0.0749814526191386,-0.00401891841390025,0.128544957391108,-0.0212797368711448,0.0622827002364161,-0.0287133802747465,-0.0788673721297326,0.0878536231134834,-0.0466533834133459,-0.0256322617208367,0.00911241667358052,0.0106416091167053,0.0552640569741266,-0.0172277341407049,-0.0257086288980292,-0.0147036021077689,9.32418338045956e-05,0.0239999985032685,0.0180248235048035,0.0119788300059496,0.0133264778641932,0.0388643091932744,-0.0204799214146441,-0.00769072463597358,-0.0112610852257396,-0.0186092824235161,-0.0055131964228477,-0.0309118165292541,0.00467231654422022,0.00795887982230853,0.00734209127853412,0.00628839474372191,0.00574804078488232,0.0074247936958297,0.00230530309760277,0.00545883950039403,0.000906480185713827,0.00329991091130459,0.0101616070353325,0.002902434078776,-0.00108625251130896,-0.00441581552234775,-0.00224605225658021,-0.00527723081848366,-0.00869345659061801
0.0409687805027017,0.0378027831437262,-0.440973853393791,-0.357702192973922,0.0273578610269383,-0.0514915716166658,-0.291527970892267,0.371089767605744,-0.15567694595052,0.338431670790015,0.045918785220371,0.0487627604269737,-0.323115861055971,0.204104532342319,-0.181421103246129,0.0808210071935692,-0.13266285154436,0.0887802618310145,0.00907489094901336,0.100684706415357,-0.0537739322637539,0.156548829540326,0.0218823212362093,0.0732554775029632,0.0315942711622166,-0.125662490857983,0.118638098424669,-0.0638283477745169,0.0364651570364311,-0.0127014821282094,0.0264160854779513,0.0640655043319926,-0.0470597987720064,-0.0426795456758127,-0.0311124403871684,0.010748333513936,0.0127960903621656,-0.00275343166431052,-0.0117373009703023,0.0287744729753206,0.0308040630715605,-0.020748990237152,0.00392706377819645,-0.0100544422785884,-0.0190469582575449,0.00632987102429001,-0.0235630448848583,-0.00479443072054623,0.00458331975835128,0.0122079494134015,0.00203005652658449,0.00870045072086251,0.00417676726101607,-0.000277171143786431,-0.00161610671274684,-0.00742826328694096,0.0144241678072093,0.0084934041256592,-0.00228914959485997,-0.00443930094062301,-0.00494253707554246,0.000320149171528922,0.0009777760781992,-0.0074370294350465
-0.00422939634079289,-0.0173738163544914,-0.166063163764983,0.166776595412403,0.117466201966185,0.0572292405013373,0.313823283544887,-0.15776016080483,0.230095601398138,-0.114076037672801,0.046343021065579,0.224728829401486,0.299923752535856,0.38931958018142,-0.363694022252848,0.268035186956369,-0.241685248551366,0.0401974711204271,-0.0129253561063248,0.138651694552312,-0.0557012873805088,0.0435677815514874,-0.0404178928121119,0.0915210616517882,-0.101040345005607,-0.0739234657622651,0.272654878725596,-0.11372826224579,-0.0527120611376873,-0.0387788236107323,0.027364039548505,0.0592255657128569,-0.081562258769703,-0.129375467905417,-0.0261907343911756,0.0283046437366115,0.0327043345198126,-0.00445482310815752,-0.0327566193048904,0.0142518628782037,0.0410256717602086,-0.00690741827788565,0.0133687618936959,-0.0122619469349421,-0.0136364546119593,-0.0052780611156718,-0.0112968374795682,0.0277799776325156,0.00209770275138309,0.0145829402864863,0.0218339084835675,0.00694026528584062,0.0257653985263103,-0.0224634763175622,-0.0145481901681098,0.019050572688887,0.00854629953390434,0.0232361596453754,0.00490883741430433,0.00475031749813707,-0.0052479986539403,0.00362950279278096,-0.00811647700802032,-0.00309692810818512
-0.0224649297906938,0.000559226426199766,0.0899545419565833,0.044927185244993,-0.0425696196559954,0.0043305218007339,-0.0443845826053283,-0.111015681943561,-0.186307384185467,-0.34252784356967,-0.286262874635967,-0.456249137194421,-0.15533609636809,-0.0397505581050335,-0.286822285533697,-0.0160651303637709,0.126155221503805,-0.0161587411276153,0.214818681535054,-0.00569018419281075,0.0300249800104999,0.309063721652394,0.10562558370815,0.205861617641566,0.000729845483406839,-0.0782449654785279,0.138657619752647,0.0603536611187996,0.0863089948094133,0.0156369547718418,0.0199015388329207,0.172874573896219,-0.279562719877144,-0.160454492515513,-0.0447198152252769,0.0536879367489437,0.0610537125222655,-0.00989285798997468,-0.0792654975864619,0.0502150203141492,0.0709507259280313,-0.0457048955006183,0.00415825757383947,-0.0111983688352985,-0.038539297647556,-0.0575598372760594,-0.0534499372456387,-0.0186841560877096,0.0396802584051613,0.0102851860703286,0.0318847712654844,0.0283041706446619,-0.00361973087911428,0.0373304461493646,0.0130910975873984,-0.0161955504791303,0.0185848396191158,0.0188424054755246,-0.0124551622645767,-0.0181457067069126,-0.00845967372835552,0.0168685011458352,-0.0060539359849882,3.00606336713256e-06
0.01103971893589,0.0132205348722735,-0.0618812104133208,0.00353624266358943,-0.0242462845971538,-0.00104537598683101,-0.088000380979278,0.0287145196422004,-0.144881403995797,-0.107488544424892,0.0868926913863748,0.18979787286526,-0.0122921936553034,-0.274011681382639,0.127744564269887,-0.0780371252693073,0.13928899801337,-0.161528704776218,-0.54835626064659,-0.0100942139345337,0.0921675999937888,-0.00728299708843799,-0.0606680198920272,0.123741699429698,-0.311303409765864,0.0448426158043124,0.334755610431602,-0.0871592351628466,-0.21301380953993,-0.0221414256867214,-0.074252629505931,0.172286746222153,-0.19603774195041,-0.161181981936002,0.0256701089126407,-0.00111209787134581,0.0532317311902886,-0.00228467086373059,0.039615073422666,0.0172763649240944,0.186520971675307,0.0243640126785987,0.00502129788251875,0.0074049161709597,-0.105606273676129,-0.0488413462813051,-0.0759211861789152,0.0399784601869144,0.0374641096090753,-0.00458816745342632,0.0449796063777001,0.0173529490910108,0.045942706264313,-0.0162601835712305,0.00339062895919063,0.0538426290589767,0.00403660841927637,0.0475890330254353,0.0253896592320322,0.00241889060965937,-0.00188621259167807,-0.0103059951906862,-0.0329002085805835,-0.0132039519285536
0.00310888353235923,-0.00503948648265591,-0.0275890982608729,0.0133432213429507,0.0422070922711626,-0.00457394206713933,0.085755006961179,0.0118200163695121,0.0781243519785362,0.08517550809094,0.111237854106747,0.116312641664898,0.138402325387628,0.0698187224768864,0.410351462481153,-0.341421754471479,-0.0665450010682105,-0.206288436617886,0.236558112905882,0.378931562867205,-0.0954480023728371,0.225102146435389,-0.0450716252404834,0.0328983376549577,0.0550352807253692,-0.0770927729716328,-0.184517572932382,-0.0599327349787828,0.0699827138317601,-0.0637343383507301,0.00977215922127354,0.129880281456293,-0.324605882736481,-0.109295969894396,-0.18318024673512,0.0130126391155288,0.039890653940635,0.1128247179361,-0.0391152228450954,0.0300090911594556,0.0418554299101634,-0.034019244282638,-0.0361596229615037,-0.0281731872873891,-0.138789976747704,-0.0613654670569263,-0.174014451542806,0.0345053552801898,0.0870483350525903,0.0350891832230085,-0.0051286916769926,0.0694160450396052,4.62438088975441e-05,0.0761200092754827,0.014036547347234,-0.0643427302804775,0.0615471333169571,0.0622515142734938,-0.00715738557713924,0.0128102942382507,-0.0106045525608492,-0.00866286872012658,-0.00182911421480054,-0.0191080385579289
-0.00634906721891589,0.00929419821850286,0.0181667805553682,-0.0310638238178159,0.0139742199490051,0.0285655331444299,-0.0568272787576518,-0.0331369333851103,0.0277335930525442,0.0267423318379035,-0.0863200355995644,-0.125306067228383,0.00850147822559856,0.120608204282319,0.106322509262608,0.0252682950409569,0.194105184905695,0.233383440596708,0.143208620919225,-0.0600120731980457,-0.198447894508961,-0.115881806467831,-0.48260383132533,-0.352672101386942,0.185700889122197,0.0700326895444864,0.251118057951068,0.019716040098705,0.00597445737541263,-0.0244396623651889,-0.0637898844755569,0.0549353866584187,0.0400635783633534,-0.112034200827964,0.0179540987925108,-0.0757936184931071,0.05182333751615,-0.0254146703108984,0.0918772007612277,0.0112773196372835,0.361637989209876,-0.012476421960018,0.0189884305522192,-0.0298266969630048,-0.216725422534463,0.0496559614964112,-0.122140462832701,0.193160242145192,-0.0105398522808762,-0.0237028336087382,0.145367267665655,0.0702545194703689,0.0274203116885807,0.00860546313809122,-0.0542346699765317,0.0350846503881064,-0.0146178897696303,0.0170895449932429,0.0614963614674999,0.0125207708890023,-0.0146231184832852,-0.0117249667094465,-0.0498946134423132,-0.0115459855132716
0.00732535561161893,0.00595309547806854,-0.0335909201015682,-0.00463779640689899,0.0175736573781418,0.00210367949735088,0.029172100381797,-0.0222762630310572,-0.00710817599194391,0.00724453120829401,0.00455379408576722,0.0359724499226054,0.0088489891715442,6.33035587595254e-05,-0.0130354485300841,0.245249268386041,-0.0457189772648811,0.0779825434639038,-0.170672575692532,-0.181504509258327,0.151978693421723,0.0552895925465152,0.150917700029795,-0.438710453088189,-0.171163879391328,-0.20192273504865,-0.200792822377428,0.309970796046699,0.0251147685609992,0.12437390335309,0.028659887485282,-0.00397843672565623,-0.115929956775861,-0.0231432830499279,-0.0177056342646107,0.0498915126700519,0.137355462742363,0.170698499460912,-0.0933934008226112,0.0926926706255086,-0.0259879183418361,-0.265978850556425,-0.0721062244788926,-0.135618882212692,-0.126428013253466,0.0839229360496005,-0.282992046114333,-0.00780102120515914,0.105014150697695,0.106033266537967,0.014929685367836,0.174558866448321,-0.00646475165638414,0.167863039851199,0.0893253856300982,-0.142444650098843,0.0683898260519883,0.0542200000141948,0.0191766730359031,0.0149298772778131,-0.0242642501775418,0.0268515217683227,-0.0285299661046358,0.0131337451452315
-0.00162225522574101,0.00860968374803395,-0.00990135671377083,-0.0135311823069524,0.0105179009667708,-0.00419234911616695,0.0220488467527106,-0.0130098635666211,0.00845462917010006,0.0130672837567533,-0.0114735499709525,0.00241102530471612,-0.060182965560539,-0.017161863100188,0.00350477221157774,-0.0562077155036907,-0.171510304510167,0.0159245787042934,0.108762704828664,-0.0598453335949973,-0.170982942397974,0.043916239980778,0.111201444593571,0.255627745396055,-0.356982863261886,0.0451739357937242,-0.126820690926084,0.133610369667612,0.0846268366304145,0.298986211922543,-0.217693357087401,-0.381993676797734,0.0444795027848943,-0.143641037560934,-0.0119726504205617,-0.0754802695545045,-0.102915843139179,0.0295486399124315,0.135784948213878,-0.111029291981771,0.134166265984883,0.150859195992425,0.125633342305142,-0.0896829068025638,-0.0993081223370685,0.146623360910741,-0.0629291181960875,0.237996000756575,0.00621534468774907,0.0170305869913793,0.316234699338812,0.0845505983022089,-0.0166898207651202,0.044960085943755,-0.0554763418198322,0.108683281675762,-0.0447486334974504,0.0456631910995001,0.0902780880906144,0.0915482546157642,0.00880957414798696,-0.00648256279007513,-0.104982789651649,-0.0222995262716029
-0.00146658267982015,0.000246767429257209,-0.00371426222010645,-0.00904240811780945,0.0104425512509137,0.0103597793911259,0.0202595745794015,-0.00520074988262015,0.00375172858377304,-0.0083842334984825,-0.0188861056052097,-0.0135580816751624,0.0057253842948839,-0.037031570599959,-0.0263817207214889,0.0751298987112556,0.04018817206169,0.0678725914057902,0.0689584851851662,-0.0902507681644817,0.0252332356458983,0.0599391505361938,0.0228863259852701,0.133759687732225,0.028042178586964,0.0336694387071141,0.0330027619011627,-0.176377445589004,-0.0297713398853925,-0.451781013108255,-0.480562152919013,-0.0760655722593773,0.0892315351292352,0.229595110497316,-0.0621064355302296,-0.0197929937202125,0.0739311826720572,0.0611063252995826,0.170782551840634,-0.0145990301808322,-0.0337371187413733,0.109960880291479,0.0266885258956005,-0.0235813337490525,-0.0286203594318533,0.144421467830864,-0.2457607860339,-0.153426007561605,0.12884159546492,0.232807075111746,-0.141223379636491,0.159005641560781,0.10016944130564,0.252037603405176,0.137642616640632,0.0907783212292459,0.0220205891471976,0.157635399961367,0.00122090932342234,-0.0171036985001942,-0.0610574178158212,0.0535455426897331,0.0128629329141175,-0.0223667538518855
0.00205344701286424,0.000734609039759972,-0.011581123236282,0.00564107297779383,0.0112431824049731,0.00186869696771952,0.0193131841450715,-0.0262710466266542,0.0216160847016863,0.0057161710341482,-0.00418978135655735,0.0183006401582633,-0.00711728208220819,-0.0225218861083701,-0.0040829548215613,0.0315547819325566,-0.00125349919397658,-0.0157819875047489,0.0165628760865822,-0.0332250844205665,0.0791151641450724,-0.0464902067297334,0.0763872120184628,-0.0536055084284239,0.023398309733326,-0.0411196224384332,0.0674573271312335,-0.1805686073275,0.112856945467427,0.195361745537299,0.0635401152780998,0.347953799048174,-0.133256727886245,0.478807994770124,-0.104804385575519,-0.249292294041379,-0.0381507556567666,-0.312332201541918,0.0313888310255712,-0.036317874315282,-0.197682185042564,0.0101757163456554,0.0239591754690395,-0.0559945795946686,0.0418779362363882,0.0107845229987148,-0.122657441825701,0.224190426799145,0.0116884862467112,-0.103925468876529,0.265005174613437,0.0239536004218434,-0.0805592700694744,0.155065818277781,0.069725822611704,0.181544861231165,-0.019213147925396,0.151063546349386,0.0401721307914596,0.167641516950537,-0.0105002009129489,-0.113583951328238,-0.113551807020884,-0.0402433004707459
4.11349261465443e-05,0.00215155310953921,0.00439285214927245,-0.000145560586726668,0.0023553615425366,-0.00827833633149197,0.00321625956436866,-0.000975619475060863,0.0090042746583085,0.00304708353461802,0.00518785999607535,-0.0169343883381775,-0.0261489734926861,-0.00537305649486941,0.0220690361761568,-0.0229259892548666,-0.0183677804673268,0.0384056267405143,0.024567170632573,0.0188204995458308,-0.00411444495161945,-0.0542730028255103,-0.0691366160172849,0.0573258010773287,-0.00711884979982651,0.0432176891229192,-0.0745751104139805,-0.124869289811278,0.000681204039226507,0.0388845875593252,0.179222808848749,0.0110105066839811,-0.0704606235242992,-0.123801882928756,0.418037719927307,-0.3502773719141,-0.20121727905908,0.157368766087615,-0.385220599059501,0.144422712228242,0.0493929718339065,0.0393963458404338,-0.0464018393693194,-0.0647850867960684,0.14602144385852,0.214817725561947,-0.117048167831656,-0.0949094868634432,-0.0691827635417277,0.00117072917063549,-0.0368612938841908,0.18509447919137,0.183448164997252,0.0366159339324898,0.11712039600736,0.280786944199069,-0.115964277539277,0.154266631730699,-0.138356958627236,-0.0307170520504093,-0.177423793317821,0.110021267079211,0.0741168023473539,-0.00113101155922573
0.00127341092812943,0.000911975270575379,-0.00499757692581434,0.00170800039058992,-0.00504932245591907,-0.00982475997882436,-0.000963005623761476,-0.000897705456320508,-0.0125784408534089,0.00596448972618285,-0.00112880316249751,-0.00500297532424299,0.00107657012124771,-0.0149925843940825,-0.00934808955458977,-0.0138380010594397,-0.0114965840264305,-0.0279264590626354,0.00233877080304885,-0.00922890350617298,0.0242206708713316,-0.0308352084466088,0.0394495870372826,-0.00517584256730319,0.0812271517370949,-0.00459421881793678,-0.0977876396860111,-0.0360723337258437,-0.116702904775195,-0.074093564662665,0.0153525440305267,0.046061322599308,0.120548304851162,-0.134383566164915,-0.159578844531645,0.0222367417149114,0.293331045552265,0.180001643157441,0.0361705297316259,0.363639833046033,0.0780764593115129,-0.0510319775337091,0.48850629509609,-0.102666720954092,0.206229760450199,-0.0247452900848243,0.220260679048793,0.12639827777963,0.0367186377052204,-0.126110543908742,0.0297729403215793,0.031568163427272,0.0346274464016848,0.0292038926771926,0.242421458050168,0.0102955995138988,-0.223930681131146,0.118883282167471,-0.110235200324265,0.229367353103815,-0.0886527089988121,-0.173993106030937,-0.179483899501582,0.0234615847952918
-0.000641464450968431,-0.00258988768582566,-0.000452117405302396,-0.00146509686336702,0.00675113584240496,0.00362765176875317,0.00366456333830195,-0.00154913039229998,0.00725740095065541,-0.00566302453079653,0.00423328763290271,0.00316664552558767,-0.00584130663847826,-0.0157085472842293,0.00779110471788441,-0.00559430793317217,0.00938940857009407,0.0157851010342676,-0.00522186210084684,0.0261423135912031,-0.0269281389925848,-0.0422077895687087,0.00580144525433798,0.0633761093470762,0.0431804181433285,0.0278108802960627,0.013300702496436,-0.00588329125281473,-0.000259963402693134,0.104616226144206,0.0532580341056523,0.00324692595353041,0.0683782105571958,0.0201418415235237,-0.0265480304546284,0.188550139416365,0.060792119356492,-0.0798882821322312,0.131732849253893,-0.052387121789166,-0.196811088672908,-0.112393179452048,0.0523314187136573,-0.398141891508827,-0.472466157038462,-0.186438617262988,0.0743782705368529,-0.114922366878136,-0.118339175259798,0.0446925070306566,-0.00681172638950842,0.101266419299422,-0.0130299476034015,-0.133344256995011,0.0713516330136724,0.265978385056798,-0.118429348109807,-0.0295286905708467,-0.232682501036062,-0.0762164951254414,-0.421000605053654,0.165423474589329,0.0566644005593445,-0.107575332683611
-0.00128067062696271,-0.00138077543449554,-0.000322730471746139,0.00154478843049148,0.000459506350660126,0.00314436293211963,-0.000327658434001392,-0.00302461586999259,-0.00250784637752657,0.00563936857555611,-0.00235605299874376,-0.0054483111361292,0.00810402213519561,0.00761292258131274,0.00155528522663609,0.00369678833059661,-0.00489854482879867,0.00414722970422324,0.00929662428197794,0.00147124139293012,0.0300023388503457,-0.0090450090449036,0.00413711140728336,0.00994010004051335,0.0430128721554022,0.00573155341845807,0.0132518761713794,0.0152272050805052,-0.00608347074022021,-0.0872814174137748,0.0645142637725867,-0.062543743362098,-0.0664812237399937,-0.0804291996233034,0.0636995956856817,0.111139628472701,-0.0660001202794311,0.00333033583521038,0.0292948749977426,-0.0831358215702498,-0.0190638172131758,0.0487933572442119,-0.163724896083989,0.0458675507029595,-0.212288853827813,0.376346570081467,-0.0972728377254302,-0.20550837910339,0.0433869425485091,-0.190611270224303,0.15134874160376,-0.572291165699665,-0.0383021122553678,0.00507844953882161,0.38211701473065,-0.0933236093906342,-0.0794966595944278,0.072260134716823,0.00675327643696427,0.115578924568345,-0.199013669916059,-0.192645850755398,-0.156381516309238,0.00727637625770999
0.00077056150863445,0.00272940035789838,-0.00252654210497008,0.0022375594405835,-0.000259259268096846,-0.00130962940225527,-0.000846269049673887,-0.00168166123669598,0.00582271079316275,-0.00704474871282861,0.00818673535909982,0.00115308223526434,-0.00501408475132076,-0.0111515264634271,0.0031833811752713,0.0105728594057635,-0.0099620056374309,0.00544764433783115,-0.0169081105044453,-0.00517009836350024,-0.0253377471148606,-0.0377854157829525,-0.00470607651780854,0.00767577315090676,3.74396646701872e-05,-0.00131077206310926,0.0287104699964157,0.0300475480885227,-0.0196850910393282,0.0392063492989572,0.0569299810653898,-0.0253882314628395,-0.000600940206658671,-0.0818183288721503,-0.0537370608465816,0.0129738013586152,-0.00116001778205832,0.00622700125053797,0.0547610499493983,-0.0237942298007319,0.0666192104990046,0.0711114026904174,0.110228624924978,0.22251040895288,0.23700473421745,-0.088038630152085,-0.402588793304454,0.0922995274532589,-0.361459451715632,0.195971148334406,-0.102845776800431,-0.081877110125347,-0.512741879339972,0.125668124003066,0.0593365662486222,-0.0173662956802918,-0.117180786338964,-0.109048363074512,-0.199023868499923,-0.0997751377469093,-0.226184550378164,-0.0672668720372084,0.0579972302246406,-0.259413573590725
-0.696135183266919,0.415385850174724,-0.0402879208204849,-0.0223675393843847,0.226599559583694,0.444012056968401,0.0990092984312344,-0.109288202775418,-0.0337932248292834,0.080163219120181,-0.0296252314869702,0.0490133383960368,-0.187859220035685,0.0109970694960246,0.0202246607678611,-0.00966309428281215,0.0503326876016808,-0.00495938103089735,-0.020265124397102,0.0383720553544203,0.0729835460502386,0.0345200205050821,-0.00697251124204324,0.00528660219297271,-0.0137590052039283,0.0715825921235582,-0.0322773139585015,0.047432700998131,0.00918342094323378,-0.0208775155457801,0.0239287267531166,0.00566858740995019,0.0111687716749576,0.00846628073526409,0.00837462502058857,-0.0215820792871883,-0.00266417091009682,-0.0155514703128559,0.0178343623068403,0.00314818931600204,0.00685665244468692,0.0160430080188974,0.00316884203359821,-0.00859909478597524,0.00622712077923013,-0.00952755933585181,0.0149088025571258,0.00207532116472341,0.000117274200156572,-0.000807831286431679,-0.0238880313567892,-0.0092889452733786,-0.00488896568917503,-0.000223562256538277,0.00710586044964916,-0.00607468605744865,-0.00939266675053183,-0.00470381860841142,0.000398752633795012,0.000445790893214506,0.00347139077629664,0.000956878979022257,0.00334393395681563,-0.000483977098804919
-0.104412572560113,-0.182624794955605,0.2776229900581,-0.266636083412496,0.629439787770984,-0.385329136530887,0.206919657216198,0.0523749730575916,-0.256786246260815,-0.0501100135849116,-0.0910761396570499,0.0919977143103962,-0.0321672140427019,-0.091754658687927,-0.063764208847445,-0.0248489083035468,-0.0667355762222424,0.123345420697886,-0.0260520455607003,0.209888411806731,-0.0106191070628991,-0.110596462258427,0.054099384309529,-0.0895441944115163,-0.0121488861398139,0.0649409987412172,0.0609343789154063,0.0613108169470837,0.0677266458168901,-0.0431134091721191,-0.0210335054218249,0.0448274226169739,-0.0116286442452492,-0.014940647960348,-0.0137564803412324,0.00879350964689875,-0.0135366174789623,0.0261043913653194,-0.00614280084286423,-0.0208770440545081,-0.025191264529149,0.0559735363470344,0.0237496898218973,-0.00556621537453515,0.00174649142507079,0.0327041237170585,0.026463334735758,0.0193329312861524,-0.0199516655723235,0.0139150516658905,-0.00911134064393852,0.00680259427740698,0.0058611687637123,0.00425183976156798,-0.000762175311880373,-0.00816968473465811,-0.00318919876518738,0.0084931803880936,0.01116973330515,0.00282199566899147,-0.00190297062838296,0.00373790682981855,0.00528596165969311,-0.00144671130916302
0.24345624690802,-0.0543928670279333,-0.0298998522748492,-0.0228918059559072,0.281105702541778,-0.021865745048931,-0.358140452580798,-0.540106573255472,0.3900253083267,0.029853977052423,-0.125518681191057,0.181725426513442,-0.364188630617504,0.106605596931152,0.0446889387146343,0.00720249924039293,0.146009324379966,0.00337030546816977,-0.00525278751339736,0.0986565268910763,0.125297974656325,0.0914935741525152,0.052149116473398,0.0102094024589899,-0.0652910449282743,0.122078621539024,-0.0439297040658146,0.046044237073403,-0.0220586877826065,-0.0313145761616267,0.0143398731817644,0.0142519759406902,0.0203568340330938,-0.00100715125300496,0.0132233882699732,-0.0189820267824325,0.00860397674443164,-0.0141968259891026,0.0201687783739618,-0.00423351426883517,0.0282911025693101,0.00345149066083365,-0.00693444693779624,-0.0159745122911984,0.0157640729230346,-0.0188709904886925,0.0267613171022689,-0.00733765091636722,0.00100943228773994,0.00508637139451856,-0.0222457740648732,-0.0267930587894432,-0.00722479785158059,0.01229676290136,0.0102557288970245,0.0066931344344145,-0.00259352423309333,-0.00253495801831954,-0.000590414784934788,-0.00917125007923091,0.00473937701405787,0.00283977931186047,-0.000615672125299005,-0.00986427124534725
0.0178637010468743,0.0316647529900768,0.0144875102572703,0.0617571605878277,0.00743519553578055,-0.0544158206792242,0.00848698705981374,-0.207609291720299,0.00865894313695041,0.234208021949533,0.596524049275801,-0.413785765358648,0.0503541638388436,0.0754798374831492,-0.136388771672974,-0.250226486584714,-0.0740775811744179,0.142957424747275,-0.112259465978618,0.119482401180128,0.124184677843836,-0.0384963087403162,0.0895342552256469,0.0486264184815133,-0.0129933273479022,0.0903675173377787,0.107356881935314,0.292466267864618,0.0516584842568949,-0.0451115738129892,-0.111864790871057,0.214111366741425,0.102989723695375,0.00635436657599758,0.0672678207500032,-0.0434821352714925,0.0408532942498375,0.033982254252939,-0.0117021485037579,-0.0370888221720367,0.0236041573547386,0.0272424831163194,-0.00876807107276045,-0.0144652384498638,-0.0200398712762523,0.0282211420899525,0.00610618060218474,0.0164064910047835,-0.0269939117841732,-0.0115673574059621,0.0196919417335542,0.0212166669249644,-0.00957120444662614,0.0272900624061865,0.00740255870298871,-0.0211434813709271,-0.0199190958833267,0.0134162510782955,0.00597973962963006,-0.00287978979151989,-0.0120765403968785,0.0129699144259068,0.00302831889998367,-0.0033517126096809
-0.000305192639834181,-0.100891084241221,-0.0826458215726548,-0.0899726886116555,-0.0194800928910807,-0.103640764596292,0.298588565662127,-0.0361032535225409,0.086372426960251,0.565947520933543,-0.370606092758814,-0.23504127867257,0.188738829125897,-0.0683799869367456,-0.0212256355746203,0.124376853334768,0.135110821759071,-0.119961223883842,0.00175833115808688,-0.0049375329886554,0.181185445244228,0.178756922639826,-0.108473440950531,0.0666736702630121,-0.152520802287841,0.154941386569391,-0.10377844663723,0.0431174002151784,-0.28162988794269,0.0542045400582537,0.015519134401836,0.0997102195402733,-0.0268827159487215,0.0379231876311797,0.0525247806889456,-0.0579242429980936,0.00688573324598306,0.0228968461104007,0.0673355736907958,-0.065591932955403,0.0564646422903241,0.0408296492238841,-0.0182703124026787,-0.0144959976129128,-0.0147550886418207,-0.0388050500873985,0.0355607755808122,0.00927859875600624,-0.00960106312073524,0.00844539615717355,-0.0284724070132454,-0.0386230530194634,-0.014425516476189,-0.017728334921835,-0.00102455990637592,-0.00177418901922698,-0.0323366976244067,-0.00827315371102391,-0.017105068978117,-0.00306918947354408,0.00222422251259602,0.00153000051829652,0.00178671815341003,-0.0130361426627867
0.0274651676945292,0.0155780683725433,-0.0768599832790229,0.0362183746173075,-0.123329730822667,0.0655238227435181,0.00897501915756931,0.0295227944671849,0.110578367115367,0.0179775877558806,0.0880043847619648,0.209328915468519,0.0212780201486053,-0.576535711221836,-0.140244172253569,0.363902769411072,0.0657206070349006,-0.00297618438118714,0.120826377321634,0.298087768149392,-0.16373173411103,0.122899785037781,0.12582324916964,-0.0136161831205085,0.199329326367261,0.121522551681503,0.0372582442539911,0.211604319094058,0.150586404816832,-0.0261231411270292,-0.00211066572694668,0.127558589566675,0.0675519723598188,-0.00930164916262236,-0.0163161338211322,-0.0902516907025512,0.0607466292433639,0.121711363704761,-0.0654273840914354,-0.11009796330797,0.11730298198849,0.106089221287002,-0.0494123913088705,-0.00515423414255304,-0.0649683082350163,0.0369027167396059,0.103886295281022,0.0748189670178526,-0.0832123735874388,-0.0196054996315505,0.0154708799402879,0.0013572877397415,0.00216615787122131,0.0773086805854716,-0.0234180877359739,-0.0227816670722329,-0.0270021275179737,0.0369858542874762,0.0097893903936739,-0.000754869378655178,-0.0342499219488607,0.0266410724867043,0.00433663942877768,-0.0120567441300042
-0.00353152782928722,0.0135991133289633,-0.00482514527023386,0.000351494935730828,-0.000567336069276139,-0.0780374807178611,0.0851467132164299,0.0767320361433758,0.0807851964337704,-0.228473003797925,0.092699408390687,0.120239214336421,-0.253314109893279,-0.168124472425516,-0.167537460107553,-0.17071960644146,-0.454863278182067,-0.0613548852053897,0.201612007727494,-0.17539213034684,0.193871455182669,0.164493548298656,-0.34926522778463,-0.0601862120922381,-0.0356577011245891,0.0583565293413131,-0.124027584109807,0.042546904717825,-0.275256556262421,0.0280399021555911,-0.032623807891247,0.182703408859676,0.0809328469453086,0.105260394419438,0.0548394107015166,-0.112256570727265,-0.000216558161780782,0.154145272691343,0.152049972065383,-0.0380212834070057,0.0982613755260307,-0.114628699157219,-0.0988953198284587,0.0517446847651415,-0.0617155844629925,-0.0817849986412707,0.0520738200572693,-0.0630023869619398,-0.0441788232814769,-0.0127884493889277,0.021545923377608,-0.0549691428908728,-0.0471441161642906,0.00660041701885033,-0.0159464415269173,0.0229718832559713,-0.0104634495376158,0.0193299433853684,-0.0154307239429052,-0.0132508443914883,0.00736671560607131,-0.0140033893049556,-0.00338982310711534,-0.0113067637792849
-0.00151223392874974,-0.00716511469810361,-0.0092547930178505,-0.0163227686345109,-0.0178842618253274,0.0365736620870648,-0.0124195569406303,-0.00304838299073383,0.0357561237403326,0.00690568805329258,-0.139000455045691,0.0330877641942548,-0.0110525591153926,0.0390723521709788,-0.027970571775525,-0.0204741128895145,0.102242448371616,0.0681291553177218,-0.0751550790596069,0.0149242477185379,0.236936683393491,-0.353993944943112,-0.254133464532142,0.273285106364329,-0.0102225017588534,-0.431787100083049,-0.182100664676634,0.0222531484295247,0.158398376802781,-0.0113629616862307,-0.139230533856774,0.186613382389413,0.00237075858807073,-0.059203332019691,-0.169282699539887,0.0435437734193853,0.0579485164829079,0.231135180405221,-0.123338056013624,-0.164689578711268,-0.00169904100275874,0.0547494398293605,-0.140347406795196,-0.0146764039154399,-0.034828557122986,0.112988423349313,0.212950324251719,0.0886311823252093,-0.215531563292766,0.00544347463640979,0.0424226277894535,-0.0139371121802182,-0.0206579741937141,0.1872851513305,-0.115162720390055,-0.0324888455073965,-0.0419596038848504,0.0466726407747782,0.000138527240220093,0.0207600300042719,-0.0457986100953732,0.0610405776111055,-0.00865667240953302,-0.00491844729024099
-0.00370303726449766,-0.000436602137383626,-0.00483186770918742,-0.00706744608191528,0.0185413978969521,0.0312210813754243,0.0124399289974045,0.002319448626818,-0.0349421010744407,-0.0245522530235175,0.0183305621369965,0.00356176635361867,0.0390790282192668,0.0986175065585867,0.0722743642717196,0.0710634721108481,0.0906097746140084,0.0465123291238763,0.00309232280231875,0.13694506107169,0.234231850167844,-0.05583521190765,0.271223741555643,-0.0411998025896494,0.372423385713258,-0.0177770864881137,0.0993790285027669,-0.121261276175498,-0.161827111174402,0.392634888951017,-0.317173217319024,-0.0847817537251952,-0.120534915861842,0.0137180957523119,0.0756908974570822,-0.0992221712174311,-0.0980565033167494,0.292317528974904,0.171755996706585,0.111004170579331,0.123098938196133,-0.108413933638037,-0.0441870572758886,0.111139690282622,-0.00628924728037035,-0.117200692442491,0.0558696281488845,-0.232506876233291,-0.0208444561289428,0.0897392908757999,0.170156020197415,-0.099742730155627,-0.0270945728583129,-0.000810875163435364,-0.149074720392273,0.0805661688494295,-0.0214547331961644,0.0437739487296159,-0.00389547988820597,0.0205030835008041,0.00348544134618191,-0.0094078953318913,-0.0357907767801672,-0.0156988567974217
-0.000369618406077299,0.00878035013013041,0.0113541793824807,0.000153140325570812,-0.0198075991752194,-0.0198752558147895,-0.0363468170508951,0.0274860456430682,-0.0377875914303065,-0.00687962665124702,-0.0228345909741625,-0.0059300033913363,0.0119792751209735,0.08661741053144,0.0309878878483909,-0.0731571207456253,-0.072241141838174,0.00168054185488713,-0.0378526683051581,-0.00258659452804147,-0.0252895707274859,-0.0635427382264192,-0.0115439019975651,0.118254250794829,0.0793520258167433,0.197577643000378,0.170458954068638,0.188020497863778,-0.142357819564087,-0.133937231033013,0.285338462348909,-0.388840658257609,-0.297435376547385,0.25337710886239,0.00858197660551051,-0.115944050661378,0.34488341088414,0.0215730756858425,-0.0460696367609433,-0.0305797917300927,0.0217911228155447,-0.112547895585252,-0.117877178572448,-0.0561446788581918,0.00499172694573449,0.0289791552577096,0.209630225013455,0.0478103224243142,-0.043877272043421,0.0950008114939651,0.0446931276802896,-0.0593796090381999,-0.0376476478893866,0.352560455202163,-0.182380339885054,-0.0381410098304579,-0.0852207864037574,0.126707164569222,0.0126845000299316,-0.0270134019314289,-0.0682409646099041,0.0496014199191148,-0.0189611305700025,-0.0198519473820482
-0.000807931560311882,-0.00268849475162842,0.00874884443100729,-0.00116392654006507,-0.00300232524133561,-0.0028629107576017,-0.000463595672275175,0.0213774287307214,-0.0198815019813957,-0.016361811581698,-0.025476119717243,-0.00366685976343331,0.0067119981642428,0.00968032354897371,0.00371655786854411,0.0196532072074635,0.0771499165775655,0.0217780520828515,-0.0211109933471324,0.00404024610158081,-0.0530100192339376,-0.0207936050867362,0.0541553733685898,0.0334840654873512,0.00224263328588911,-0.0568698868466536,-0.0506268668927101,0.18574885818176,-0.200495916212003,-0.260697698414364,0.136279710251322,0.0337157893035223,0.219999303845779,-0.290176108870175,-0.331750962912777,-0.401443745040808,-0.0849242916387002,-0.11772609751364,0.0227858570237655,0.0883453655608757,-0.177848623302321,-0.0590628743225189,-0.0587211740775972,0.0276419064668356,-0.0336652955115886,0.00488449879614149,-0.0776321078896736,-0.241078508959369,0.0300950182659316,0.0777565633384936,0.230707020713288,-0.0312581200786599,-0.10026672310178,-0.0710323605759987,-0.30256841474925,0.133690758794459,0.196756526663556,0.122653937016611,-0.0877810502297071,0.149796747705459,-0.0397854754259734,-0.0301017995926338,-0.0713381166466613,0.0146196830084649
0.000169939911922042,-0.000202230866624032,0.00433964257247799,0.00989473579617419,-0.00834737314854034,0.00256614348373846,-0.0150972036430199,0.00417234830015158,-0.0065773603355542,-0.0055192471162368,0.0137578504708111,0.00106482104051243,0.0104537317087952,0.027513620335527,0.00119895695540046,-0.00453995873091958,-0.0251613519932559,-0.0326879760600733,0.000320751929827605,-0.0727797041745622,-0.000533113637661009,0.0420036095137246,0.021429150106979,-0.0413124422627325,-0.0348215139320444,0.126824797117541,0.0270492874028827,0.0407202577191385,-0.0592571682910384,0.0898025172127462,0.0752346954144485,0.103561019978497,0.0928003829277085,0.124311220668101,-0.254165922310915,0.31052589383957,-0.476502868324556,-0.0360833690264555,-0.179502660707459,0.265606787392762,0.154738059977301,0.107217694199892,0.100811954625826,-0.0155781282867635,-0.125411706989576,0.113967643064552,0.0692266512886416,-0.0021962588483084,0.01838026392497,0.117006101421386,-0.16693183490455,-0.0896215147264734,-0.0311115493624988,0.176194418939226,-0.267955624174168,-0.0590155044577828,-0.152003795754676,0.368472592009415,0.0810710078162534,-0.103180171993164,-0.0934135533190279,0.00699629568730187,-0.00267640609938691,0.0464325352556618
-0.00204029632145122,-0.00134206485531904,0.00457417254643573,0.00152318965834288,-0.00141894093915197,0.0172606980287055,-0.00472601578755425,0.0104008034931264,-0.00621436172744667,0.00482365122314147,-0.00314830979230585,-0.00620776780792279,0.018874689078671,0.0108900394677368,0.0142897945542913,0.00676831413970583,0.0313848025880371,0.0142598309649435,-0.0181262763082094,0.0195161081527878,-0.038630008455709,-0.0103457173685822,0.00211048832999616,0.00345044577710395,-0.0528250253524716,0.00509632209539945,-0.0189501452034022,-0.0180616296312528,0.103893442477356,-0.127449745739948,0.0425381010284346,0.0292969167917653,-0.0421178990381633,0.103197385694909,0.184367009627854,0.110570155567099,-0.196455185280845,0.0706572876319842,-0.0101414026020825,-0.458852229963955,0.223676183889554,-0.360436476834995,0.343532212387317,-0.0734189411636531,0.137121962706482,-0.0276791000626282,0.0893814429734065,-0.0824000056836984,0.030131144009879,0.0520224101285037,0.0342881648540052,-0.0288839127087471,-0.0748949951795817,-0.042539635937038,-0.0569772681104837,-0.0267838112903332,0.357649474560107,0.253103901246643,-0.253745474777016,0.0720093125625403,-0.0274970065375543,-0.0564043954058816,-0.168078584010814,-0.0258790921423628
0.000125544790391449,-0.000998524614836421,-0.00134608670433996,-0.000369548897756094,0.00277737579003292,0.00124526105594671,0.00715222853535554,0.0103529875560949,-0.00161162027844623,-0.00389805498382777,0.00144975289945761,-0.0049063464202762,0.00623783776451072,-0.00970890862828812,0.00634307537114582,-0.0313850464482094,-0.000110837874877784,-0.00681178936465544,0.00250595497101033,-0.033337420977246,-0.0287040472547173,0.0154515750665191,0.0473243107904344,-0.0520068672274623,0.00574130731626567,0.0309606789145166,-0.00191034255079248,-0.0871707888992186,0.0568679288204474,0.0153117683064425,-0.0434865893436325,0.0412757026590526,0.00632834038970465,-0.0966699902141549,-0.113116159352195,-0.0265953081962472,0.10880505973753,-0.00867899139324997,0.20848568217158,-0.0851416881429192,0.0713600958897631,-0.0350594477901032,-0.275402622899148,-0.431351004903612,0.444513097892114,0.0434645941458015,-0.112064917048561,-0.00755601938709149,-0.0269512325725839,-0.131181660138157,-0.0151581778076076,-0.0813668504031685,-0.0480619154917755,-0.261308727359691,-0.0760760099772816,-0.139845781352756,-0.176644505072601,0.333409399120284,0.124813481035572,-0.227425497005936,-0.067912313320887,0.246774206006607,-0.118155365440401,-0.00976785647522641
0.000845730299392168,0.00169751200833644,0.00239688071651899,0.00417687639663849,-0.00836174047100266,0.00413109089814635,-0.00582101869780801,0.00686551624967774,-0.00218736609549884,-0.009299751306439,-8.26317218746996e-05,-0.0167159081379171,0.00169825781979031,-0.0028573182280727,0.00247710340235438,-0.0252358524163083,-0.00119440306048099,0.00503221439705736,0.00668331593053643,-0.00727523990615865,-0.0238153296572016,0.000974740834270134,0.0151626626880244,-0.0211830465586618,-0.0260128732043928,-0.0172338773113909,-0.0163301557929027,3.57799826579547e-05,0.0378454267623824,-0.0128820080026282,0.0198922270567838,0.026192257583527,0.0386408151038163,0.0315280075331668,0.0690387280580544,0.0121995447327669,-0.0146673023767435,-0.0307435743662494,0.000668884054398404,0.20093607628242,0.0132410271271923,0.0960268586349939,-0.282412152428626,0.000662243065662579,0.0242696622763065,-0.111771089902216,0.164213458635687,0.29582371807001,-0.0510780118339427,0.654083471312974,0.0936888484082785,-0.165852574366276,0.178836409362779,-0.205143502429918,0.213281673341842,-0.077016035578964,0.156144292177009,0.100226300772164,-0.190967265773652,0.0670807750748534,0.0209945923232747,0.0171638981605636,-0.218589377310258,-0.108261703944279
-0.000793354956893939,-0.00168856280529387,0.000400452331654995,0.000351141325988981,0.000576306121777065,0.00510365502024457,0.000382553516506485,-0.00322465849056296,-0.00654217073256349,0.00180305290881897,-0.00153853186287092,0.00502735492519281,-0.00769979915969302,0.0209739839628843,0.00556038730463774,-0.00425728102928707,0.0186587273800306,0.00241512080915988,0.00255255425000952,-0.00368652130168064,-0.0135724444132473,-0.00740597557298729,-0.00552830603808346,-0.0276503800939882,0.000692956389014593,-0.0125266328803149,-0.011417114081337,-0.0578343535609333,-0.013976165859546,0.0215519266144876,-0.0224127892482894,0.0300035423250362,0.0109949557847701,-0.0218964597759297,0.0646352988919715,-0.0228621699955678,0.112393983673429,0.0197065048397992,-0.117582241749679,-0.0378462206859934,-0.0248138548175999,0.0270758466874494,-0.0373244367903178,0.264658899333446,-0.0983172054179676,0.148586831082239,0.277385583669149,0.0322332547457341,0.457632142127424,0.0654078095297427,-0.0145327159048743,0.180601530250307,-0.567195128829289,-0.206396500498105,0.122414027888202,0.0614345859338571,-0.0343530356170051,0.163972098633418,0.150823255574289,-0.00184274465286892,-0.083876488696392,0.256808853250792,-0.0224701830159763,-0.149099804740634
-0.615088051785637,-0.306007295031178,-0.11421476179174,0.103391799857756,-0.271306418267193,-0.523899794769966,-0.0850506282076416,-0.0490646126434432,0.295884006801474,-0.0210847672269763,-0.0148154013559412,0.0124818450559681,-0.119376633769155,0.0236205715714316,0.0108719135607131,-0.0415977230690767,0.0391864405199856,0.00104205311820323,-0.0605611234775826,-0.0216171803362723,-0.128494005269619,-0.024144271917482,0.0769431964846548,-0.00629600240375436,0.037630959050125,-0.067148498264373,0.0366991371251096,-0.00723839475634047,-0.00968085823128911,0.00794540799452123,-0.0416423932101901,0.00737768684863954,-0.0109535346739494,0.000346099265265409,0.00485988856864739,0.0246447744904175,0.0101115911712386,0.00832492218631702,-0.029485280057375,0.0107508479795319,0.00387604046761439,-0.0245979797602899,-0.00497893311794757,0.00463108602925845,-0.0014847557666669,0.00484641230958921,-0.0129035521342711,-0.0101297546818212,0.00256515315241962,-0.000302260988777609,0.00949136453842838,-0.0054409042416651,0.00688063806535451,0.0106372496139701,-0.00363402479528481,0.00796235735494279,0.0114251982611844,0.00766898491408011,0.00212624336299753,-0.00823273227387465,0.00168811323222322,0.00023718325004258,-0.00689749275212771,-0.00294514568174792
0.0812348549834056,0.799826310276282,0.0288442755845568,0.124922104690345,-0.0137655297782745,-0.506824489853258,-0.126279119956811,0.0389985098916438,0.0747231796041203,0.0235521089376681,-0.116542207734254,0.021828388093304,0.138754890347032,-0.0191968064191996,-0.0634242139073068,-0.0221338209713554,0.0107329023315083,0.0183986109642884,0.0405402031926675,0.0452136127981968,0.00836792644011552,-0.0497899086923619,0.023955959590778,-0.0468575794215563,-0.0381928516071492,0.0137183101831627,0.00434624194703807,-0.0251299352080462,-0.028763509965838,0.00183328307939248,-0.0321540198704685,0.00950258012523528,-0.0318268791677314,-0.0152345150595663,-0.0118829142001712,0.0277164886845753,-0.0059761840935484,0.00914911453470423,-0.00981374791078129,-0.0122740578773209,-0.0225811600190835,0.00618530600034811,0.00491180033110999,0.00159021465362658,0.00455499910614554,0.0107285591455356,0.00361361352022663,-0.013415720025278,-0.0145057360381695,0.00928012426488968,0.0180502556814936,0.0104468431776233,5.06264699496467e-06,-0.011959957059992,0.00204043066020912,0.00962844487570632,0.0137319672697468,0.00379998368812222,0.0055174380465767,-0.00352265231249931,-0.00241455751257097,-0.00222807103170084,0.00420080070255057,0.000362570577960498
-0.224249022146959,-0.13567348464007,-0.00164752169650452,-0.024763801772724,0.0278983884364017,-0.0223394744919954,-0.57420795145603,-0.153873338495295,-0.306864832597975,0.000258152697903366,0.094833787538128,0.0969989268097682,0.490119523168785,-0.0041008286530919,-0.0852104702236738,0.142310695676895,-0.0427570833490945,-0.0319653525862807,0.236952715693595,0.00580941262973913,0.250698024010048,0.0422222138072253,-0.135095073537861,-0.00588181886333233,-0.112851107840918,0.116758357174469,-0.0986212427846758,-0.0461539468929413,-0.0168113102279661,0.0105814072936885,0.0495420896212191,-0.0103190248338139,-0.0199187613447894,-0.0301317723527965,-0.0271469835615351,-0.0223516747170624,-0.0140886669938021,0.00788276487973211,0.0641394568714441,-0.0383546960655878,-0.0150427341169315,0.0244189294413602,-0.00604506754564177,-0.000534924203878146,0.00817132222530375,-0.000347513170116592,0.0142513405428237,0.00285543718471268,-0.0113136750049934,0.0185092037310932,0.0273122721108427,0.0318857709145307,-0.00653113100242561,-0.0149871283085373,0.00551763241972861,0.00756046575931284,-0.0033887616340675,-0.0101603726564356,-0.00694429257374338,0.00903644467674824,-0.0120923268714105,0.00126093102544171,0.00848867258614786,0.000270631814846586
-0.00104927159206974,0.0754145496966186,0.0212936496237388,0.00210153989087045,0.178981972186806,-0.217271773534388,0.066042655320132,-0.0785041117923414,-0.139682809064284,-0.05725247956468,0.243646082224539,-0.0655888559436178,-0.0492832518965681,0.169480433283959,0.214492678167367,0.427846053406808,0.0502797263853303,-0.366267635036439,-0.129689032231475,-0.219919140353537,-0.0950682847420137,0.169367366745374,-0.161546604373193,0.308624996881438,0.228732047513243,-0.0516881591220677,-0.155185940176913,0.0578800872656422,0.136524470161349,0.0328153794840606,0.0190154363312874,0.0224406405316608,0.128192816553244,0.0337795472235307,0.064817306793097,-0.070836863211622,0.0146634104903716,-0.0750732315788357,0.0186031958627819,0.0384510027485114,0.169804600482363,-0.0711327487533456,-0.0739290963812525,-0.00192776348834374,-0.0334430537823914,-0.0725993341222722,-0.0141327786131358,0.0180812538473283,0.0540397111256957,-0.0336625511655833,0.00567538340205641,-0.0345151461802505,-0.0216597714855946,0.0501710384938153,-0.00213134049348747,-0.0263879639839294,-0.0441787113901726,-0.0150304184410439,-0.0233583426077327,0.00518619747872181,-0.00221863623596634,0.0220674654621879,-0.0229847205488555,0.00134690815873664
-0.0120437576683035,0.0147919984185037,0.0418581393774629,-0.0247094014713077,0.198295964829529,0.109759531695085,-0.212291793746543,-0.235252414833284,-0.033394955196135,0.150141485425447,-0.118114615974151,-0.0652963860252523,0.180667355577353,-0.165618237679581,-0.138983484867677,-0.169783993086318,-0.197746563254606,-0.0808628791830953,-0.132556440420348,-0.151588311070862,-0.524999553263581,0.0154707037707149,0.0863657909264174,0.027086554248356,0.18228721963697,-0.311987861537734,-0.0138467432375554,-0.0687709491806158,-0.302957772965934,0.0862385037882784,-0.0702117878011971,0.0582504157533816,0.0597735518134289,0.129419073293389,0.0287207809484762,0.0054696988976773,0.0549937844331544,0.108799807250002,-0.140052053734815,-0.0650682433202478,0.0107599744356876,-0.0445494586183669,-0.0603445734451407,-0.000795377593025025,-0.0453565363165833,0.00198300025448267,-0.0700433478747051,0.0171257458075316,-0.00246240813741052,-0.0166616524081991,-0.0343031083422207,-0.0456504027438629,0.0142217963331132,-0.0213668575364157,-0.0485520972087673,-0.0258171727922852,-0.0124060162430366,0.0123488947661113,-0.0244393387411188,0.0173328785960862,0.00785490457084801,-0.0222189743442831,-0.0134814622507019,0.00841366270656788
0.00133833700828815,0.0217179475559366,0.0174424177454253,0.00240669073786741,0.103098416322285,-0.0584487160677064,0.0806811484867468,-0.0856586176846303,0.0143449915346977,0.0376999277843877,0.371899201502097,-0.17494325976342,-0.170760923221597,-0.114521248186496,0.0180253389614984,0.184899389944358,0.236053173835626,-0.0631514658797626,0.186325843953277,-0.088169870061885,-0.0655097758737341,0.0852520997386363,-0.0852365293742599,-0.156817234917774,-0.184442489516986,-0.171522209345899,0.126425419070216,-0.31000446134873,-0.163374777803947,0.0493109054340738,0.173860521597913,-0.175946078955305,-0.142573624889602,0.0155726222143111,-0.20096432750078,0.034727635042347,-0.00450807811985094,0.302363383948312,0.0462004996301988,-0.120464501179329,-0.23374620831306,0.0726290649976646,0.0354585925223065,0.0482005723800827,0.0125838891508804,0.13444744990651,0.0941906154814294,0.0533442190919014,-0.134455851381541,0.033281336878701,-0.0418986135242318,0.00413213652116404,0.0558008452586516,-0.0887349338844636,-0.0608869226440293,0.0580848972349144,0.0644822488033104,0.0493162549614892,0.0214293604074526,0.0114704594065101,-0.00938929009520173,-0.0429094912378125,0.0203458807208148,-0.0172542834109358
0.00688637471857778,-0.0119737011220037,0.000311591024037016,0.00486677459988298,0.0485118351357246,0.0097185897474339,-0.000314203554472584,-0.134447987265433,0.089810666925247,0.243298472767996,-0.0806735505495209,-0.060161340517433,0.0519513147636314,-0.226948573369053,-0.120432487419334,-0.103196953127822,-0.199762767261599,-0.229111683499093,-0.119124518313401,-0.130159779768044,0.00795998415671534,-0.010582267681642,-0.118892486663783,-0.090148254582436,0.0634474657990726,-0.047090353988774,0.173703593403922,-0.0901914293393313,0.476346069180049,-0.0751154516900845,0.0511198940469246,-0.148044353836735,-0.0996881324694757,-0.143935979666342,-0.0612361143955056,-0.010724413697141,-0.172095294676858,0.0122599932181879,0.26846401043856,0.247303280395769,-0.0445181023915711,-0.194783054031259,-0.039236419685822,0.129664318923014,0.0344177492846704,0.0011752619059581,0.149897688072662,-0.148129095621447,-0.0816020357307938,0.00481231619205812,0.11040509534039,0.116968335275875,-0.0368588516473548,0.11975348440818,0.077501585510355,0.0694401724309624,0.0653691890062046,0.0341119836137242,0.0580826000997017,-0.0690671558217092,-0.0163448159274301,0.022768033100971,0.00663345682330174,-0.00610450107165174
-0.00104839788022363,-0.00317460271789286,0.00315943393819334,-0.0108760874561256,0.0369203805378854,-0.00386452123558021,0.0466148184450839,-0.0426304902147688,0.0181477206496398,0.0558642778002184,0.186815542272826,-0.0601724954192088,-0.0580903907775829,-0.218400165201473,-0.082467431598625,0.0770530312177081,0.0881927770322126,0.0807495656650492,0.141758699541615,0.241500040701271,-0.0219826383641113,-0.105336854177124,-0.134499447536512,-0.018143562904059,-0.164358419715537,-0.210965085968842,-0.145081065156995,-0.171326199110086,-0.18966425666986,-0.00956627241754875,-0.109845867322,-0.169428105763587,-0.00637237971362806,-0.0163272249139082,0.0817922383601671,0.183752286716455,0.00926742246034733,-0.430460218138369,-0.169603200761094,0.175586906855324,0.16294292819293,-0.171284509961825,-0.0854412422330233,-0.0654512821472315,0.118828834095592,-0.161655265598341,0.0323358996646625,-0.182103506120708,0.0678011322718643,0.0052280253272536,0.217734771586009,-0.0425996421265413,-0.0970343634616572,0.223204614198931,0.0318550227120325,0.00116084444192515,-0.0624371691759284,-0.0573352695913344,-0.0277686151105975,-0.0515095459453468,0.0503611274845117,0.0852275680105392,-0.0621220672427714,0.0345936143635851
0.00195158714608846,-0.00593048108212367,-0.00454867899735845,-0.0018952889894988,0.00099382236625643,-0.0195427468962689,0.0167913294999541,-0.0547763068388732,0.0443542779903159,0.0972401648275132,-0.00693431950020967,-0.0130246415139537,-0.0660610363209517,-0.136173732552251,-0.0535662257210299,-0.0208547972010962,-0.172535751466826,-0.200757567485284,-0.0186344846888846,-0.0574813892003409,0.265979488304098,-0.0105201641024526,-0.178310953398573,-0.0817220324197424,0.206759024804929,0.0542326842518177,0.132836898876613,-0.052443266949108,0.167152154710705,0.0592104430388756,-0.0986890448245346,-0.156410540535503,-0.00953912320201245,-0.0771078251594866,-0.045129803593569,0.119859086427813,0.197848524260144,-0.0445637969930283,-0.394708137765587,-0.127044522377823,-0.110117584225044,0.162785751802452,0.176058939252087,-0.116907740719099,0.0425779062889888,-0.000311558024610378,-0.248121242835315,-0.0369228318023275,0.208639855999141,0.171398764697625,0.0716273932959224,-0.160804104040682,0.0378634574012991,-0.159832498594961,-0.281303110824599,0.0675927428946246,-0.0737904734746241,-0.0401268473804986,-0.0790683515120417,0.163610091640419,0.0299100557091379,0.0148688630546281,-0.0655808272585823,-0.00529146995639833
0.00412842911865888,0.00619691283561763,-0.00180108115535612,0.00472919462734724,0.00846602260921462,-0.0150394589218985,-0.0159966151752899,-0.0163959388625263,0.0703463065700276,0.0110163751952304,0.044480333591673,0.011217904776471,0.00484917085902847,-0.157417732355152,-0.0878965869996367,0.0344822005267383,0.0406902312411272,0.112271262426846,0.0401041571024977,0.122049307511057,0.0576776705065366,-0.142556995931982,-0.158294495840438,0.177614157552356,0.0581197306639279,-0.297489516471159,-0.032975383869527,0.216986038503194,-0.0147523909356692,0.051675663386246,0.068242101020515,-0.124237187956799,-0.213483755383998,0.0475705318086399,0.186922193659729,-0.0865646093376987,-0.0938818416120682,-0.123587315689659,0.333522258352183,0.166477792529185,-0.0459616308116817,-0.0388051260853414,0.0942143699386162,-0.0185331479424218,0.00336592523202351,0.00843175193262113,-0.140976365167595,0.135700638279725,0.257619980585954,0.017519166339945,-0.402075820304438,-0.0851324969086539,0.0413957782700191,-0.189121965476624,-0.155038498379867,0.00048807402496362,-0.0112048667033423,0.128240950678666,0.0644044733475839,0.150663491187834,-0.104914562685926,-0.14852036669647,0.0732677912099908,-0.0260545720287181
-0.000729490614565817,-0.00700614844849799,0.00479675270002691,-0.00203554127043427,0.0110479119486435,-0.0170037073567836,0.0145964725028083,-0.016674154311715,0.00391248124838621,0.012867846984618,0.014537357894259,0.0145912125608183,-0.039882806859281,-0.024085652645461,-0.0187482016671867,-0.0210544003216979,-0.0630204550626501,-0.0770204707769067,-0.00363522849096376,-0.0255057453492038,0.1809831755667,0.0082457010063665,-0.0295396725116615,0.011668540942912,0.258097472078106,0.00100667022765794,0.098725202768055,0.0262092616611602,-0.21298482333067,0.164794761414725,-0.162468402101429,-0.204688165815035,-0.00856483810600783,-0.163283361592031,-0.141149845670332,-0.0759517261787397,-0.0480591047288004,-0.273730008533436,-0.142630126724148,-0.0783780242270569,-0.0234547663436557,0.100973294886112,-0.0432321543063161,-0.0431253811995902,0.00456102943803825,0.0362405743004621,0.0797799661186934,0.166096056106065,-0.112148664109293,-0.151116506993845,-0.0956187992608996,0.233341723300419,-0.000892061402077541,0.02565042244757,0.257367170251573,-0.254112428548381,0.399028482047996,0.212924776493758,-0.085302553750506,-0.0711803267233751,-0.194263216869029,-0.104598167945559,0.136894670739155,0.111710058268683
-4.42585736613727e-05,-0.00288087353200936,-0.00375965280410805,-0.00656672688590615,0.00235809113489797,-0.000189190066759034,-0.0140317111682988,-0.00682065670281883,0.0299502438624868,0.00333329030978947,-0.0214635605125221,0.00557798579138266,0.00135623522040773,-0.0313330064756394,-0.0185410925722378,0.0463214585372139,0.0155224887709333,0.0394638105995671,-0.026268789742503,0.0773519123310755,0.0619717702387437,-0.0920546510187555,-0.129494959289426,0.16453433274614,0.0450713575303968,-0.0978366482268929,0.0381112954699608,0.223439496487525,-0.0348273156217605,-0.0893556721567899,0.107508316327016,-0.149047841395722,-0.0688070448261898,0.313066812374482,-0.155547419708664,-0.00386717746857393,-0.0900840580135047,0.168880506426952,-0.0982750785116095,0.0856010460340586,0.0150472252033959,0.0946925433452478,0.140714380973809,0.0956476600827199,-0.0672607119146449,-0.13934482741563,-0.192454625049088,-0.0885614126994697,-0.00697457055385584,-0.0797607918997417,0.272719555669234,0.12922704731219,-0.00484569543359037,-0.343427148048709,0.224010047218705,-0.0252304575720365,-0.0582197416051609,0.0950530627996418,-0.0524040118229586,-0.434476912628477,0.187710581646748,-0.010323478739898,-0.139592598976603,0.107957062240996
0.00158910279340653,0.00451924364467881,0.00267753935185278,0.00273191579601323,-0.00640369996197564,-0.00960845166172015,-0.000815728860123962,0.000379815667944568,-0.00477751804760022,0.00114892596883219,0.0234145959638356,0.0109247891503941,0.000401717132788847,-0.0235661859805789,-0.00961404061626236,-0.00928848100579087,-0.0135042727172451,-0.0134883938135123,0.00934747325701795,0.0025010632797302,0.0815123972227585,-0.00907430685499495,0.0321935723495252,0.00531067332065947,0.133882556027856,-0.00223743041516535,0.0680820769881347,0.0460174190723728,-0.12165769784026,-0.00146817556601807,-0.0594147532876031,-0.0690855150740677,-0.0683198127497242,-0.135297747746886,-0.218232247716581,-0.172759592480171,-0.250470343801898,-0.125082580274462,-0.0562354273164774,-0.163887833419968,-0.052241331930612,-0.298879791394387,0.0513520644802028,-0.023421388594951,-0.0746039446116638,0.158814166054973,0.0355072047829501,0.14727436103958,-0.00102613066154182,0.00970759657069593,-0.295324310301978,-0.00869580457903387,0.0854478416729328,0.0667017325182983,0.152269557593133,0.0769127910376446,-0.246028823506519,-0.208017927661184,-0.0691301605633355,-0.0767367505262852,0.305119823007237,0.20941458996891,-0.388279257190621,-0.232624595470793
-0.000579236375097944,-0.00275977621975443,0.0035958461260592,0.00309185760386633,-0.000796123846527706,-0.00298426805220683,-0.0098353943101638,0.00518839347712244,0.0128363737449118,-0.00777967252583407,0.000324753733146394,-0.0125099315174813,0.00189434835125235,-0.00177165119709066,-0.0209377558644286,-0.00908562681788493,-0.00868144453288424,-0.0129626737207173,-0.0129625780086591,5.90104647488494e-05,0.0117033575034439,-0.0445248692612153,-0.0388693484410252,0.0520566953427573,0.0221053999586517,0.00104148723425395,0.0735326298761911,0.100266822256671,-0.0559861440517791,-0.0324354520378189,0.0850246011748998,-0.0702898172250996,-0.060742096377863,0.226487723790715,-0.207463485639313,0.0441860526770745,-0.193532565848219,0.133020512055967,-0.0690053765880442,0.102746003142779,0.251500113749926,0.1134660487353,-0.0423687972403676,-0.221858830642962,0.142921460262562,-0.0421455429897443,-0.0373151550003093,-0.139754153971741,-0.0367021074302032,-0.0765166928894756,-0.00186979097007302,0.0398381074201468,-0.0342348133116161,-0.0834934483283871,0.16959247325424,-0.00404999219824344,0.238142284640854,-0.275757681664927,0.215606156613328,0.477379732221391,-0.0866155341014758,0.313856942043514,0.0641192877808285,-0.237036962506071
-8.49057881877889e-05,-0.00296947210359332,0.000852702439783022,-0.000967959925474724,-0.00295547844736173,0.00203155411178244,0.00149250864526774,0.00487322090497449,-0.00183306683333495,0.000682630529538895,0.00428047498979793,-0.000674808842928476,-0.00499256572467386,-0.0126945883669116,0.00128807760722428,-0.00131053560062419,0.0166257615968334,-0.0123197524843359,-0.0186463804282778,0.00510291946289891,0.0117297537965832,-0.00913827484594256,0.0135101030711595,0.0271464315825698,0.0496627945757853,-0.00247358334190572,-0.00486700464234033,0.00726330141010499,-0.0489233453102785,-0.0879567778120436,-0.0241023295040122,0.00765009199501708,0.00245499193319785,-0.0433248061898848,-0.139928985273425,-0.118951826295079,-0.138535410579011,-0.00264848230919006,-0.0887614719053974,-0.190333701840303,0.0129348032967644,-0.344183226926251,0.144426538563539,-0.0418187194614622,0.0785924307049919,-0.047127350605663,0.0211954686180725,0.157651207389142,0.0575981005946834,0.317207356145083,0.172746392482498,-0.164210381331624,0.0578932713197481,-0.0827099127588624,0.196935560611819,0.0187504732947839,-0.218297408667224,-0.0578727349637317,0.359295915081292,-0.0413597378012628,-0.128254423856168,-0.0439989543483085,0.510179447431697,0.200187071804461
-4.40057122028714e-05,-8.23712674610156e-05,0.00345942766057543,0.00378283987969394,-0.00116163138967779,0.00225372327848233,0.00230946735987698,0.00480757464167402,0.00906417561612634,-0.0069676192488136,0.00855281326232962,-0.00410835645888603,0.00406033583844532,-0.00722051032947332,0.00162382218152026,-0.00644081757063438,-0.0125040367252328,-0.0183336011287899,-0.0111846079128043,-0.00642613741076212,0.00189126626801253,-0.0271191389646346,0.0179981212040524,0.00684584807932135,0.0297591698328152,0.00368913530815576,0.050724000142374,0.0164326608847559,-0.00252971137216757,0.00905102456744989,0.0223557400370933,0.0282465178310991,-0.0540400222345886,0.0452136715573155,-0.133121418380749,0.0327359489776716,-0.0711842677385289,0.071316892442635,0.0422536668295349,0.0259526187423767,0.183889959155213,0.0579318613444288,-0.214780117361664,-0.370468607177716,0.116720449605487,0.265346255186534,0.123446766691531,-0.00691958830493543,0.231734833589508,0.103870293312617,-0.0406141553485287,0.100059608634608,-0.265260907488376,-0.00600213753006849,0.00713203389351884,0.234822305334674,0.0274022214250373,-0.296583617193125,-0.281422226029673,-0.133288776448058,0.138016299990286,-0.437719938241854,0.111002443421292,0.161496882442498
0.0384933472202293,-0.125363995614685,-0.362922735743273,0.769473008957337,0.371872432525542,-0.0134838332952589,-0.0652609873361891,0.208136135197664,-0.148955791891365,0.0741168737833364,-0.0723641244165756,-0.0613565277721421,-0.0896371169626421,-0.0608087803891364,0.016450549382984,-0.0475433858605974,0.0508165290926347,-0.00156680265642972,0.0384723582556491,-0.0200137276278023,-0.00351774530473943,-0.0684395068312709,-0.0141482254135155,-0.036789896447167,0.0158118948489257,0.0491288939610764,-0.0567345636467713,0.0478975091588049,-0.00129266024257309,0.00130923829806696,-0.0320771506217678,-0.00105976431808661,-0.0162595376118768,0.0137678117462074,0.00769895235380803,0.00190302804639803,-0.00867177903484459,-0.00552948308378652,0.0073666094932827,-0.0103658884564489,-0.0184629945062822,0.0158981832873221,0.00596418569499807,0.00460924524315172,0.00856127695882151,0.0071172098089073,0.0102261485796066,-0.0102131149845038,-0.00989203901199388,0.00421671756170339,0.00193017948725776,0.00294067758458259,-0.00104657798546817,-0.00236309952809294,0.00135478527606922,0.00142385504838206,-0.00485276023063105,-0.00727411388464174,-0.00154661065315725,-0.00105171100799992,0.00518088000127871,0.00386813260552442,0.0020713910688727,0.0068075234329435
0.0448825399596329,0.0334857482137122,-0.218058455565076,0.0884253829264321,-0.301104652492857,-0.11625463623902,0.19178511877364,-0.504964670658764,-0.52740551388531,0.025476972553725,-0.118853457858225,0.045320007859154,-0.178226408630179,-0.0118472130863595,0.138594307395398,0.0459321615331824,-0.226624573433628,0.192803260450838,-0.0929508755668454,0.199901256948411,-0.0271204324994387,-0.0108720615795898,-0.0464873099130896,-0.0857921695662582,0.0275950518851551,-0.040133711886746,-0.0538049805332514,-0.103427475570861,0.018911363109737,-0.0274225901276867,0.0627515380744758,-0.0598323130655608,0.0620499120575223,0.0373034005714784,-0.0550591477065363,-0.0393346358400839,-0.0427849470706179,0.0248615886462247,0.0440809238731897,-0.0432572394323039,0.0010905092912356,0.058651821030199,0.00137237721938274,-0.00730920720961266,-0.00559546394424068,-0.0228803852650193,0.0235980878879497,-0.0011476047433138,0.0126777337457803,0.00492422231113735,-0.0557665972522177,-0.0182995785011817,0.00758735691042737,-0.00230344351014158,0.000147718684448869,0.000510053042894666,0.00570818771179677,0.0065855482121229,0.016275020794307,-0.00518962169611664,-0.0054513740876903,-0.0192191678657317,0.00600155753140263,-0.00700939330756429
-0.0437523343084992,0.00798706644022824,0.0298622660828541,0.0486324060009569,0.127540338290483,0.0209173115098335,-0.115954073457658,0.12028174064837,0.209774440041893,-0.0897194758480532,-0.102630370433799,-0.275792959795598,0.125631994688799,-0.142125064804767,0.386521610677594,0.121244003847793,-0.282382701688919,0.348895824772221,-0.132487509157418,0.134113238645287,0.193499458431968,0.293434069071032,0.0141117021832066,0.0866320336643695,-0.0717942612911136,-0.179539825545349,0.188582234793948,-0.161362549147184,0.0632422330955261,0.0109501950856656,0.118406199139564,-0.100834143999299,0.283717974561371,0.0433365179835359,-0.0358485697459667,-0.0546709386789618,0.0309416422441477,0.0258592448067442,-0.0544723531570539,0.00717632145344632,0.0476278534910205,-0.0583870117667132,-0.0368521578474584,-0.010304360615022,-0.0192340798253694,-0.0222917133469247,0.0261222237226214,0.0617432035631271,0.0122964506243248,-0.0547154498288436,-0.0539208197303958,-0.0579556191449147,-0.0226892743077057,0.0173250074573793,-0.0130366019965029,-0.00309514972193217,0.0110220726000897,0.00277740364376402,0.0102375510880856,-0.00399340989418518,-0.0107232764344141,-0.024166221805787,0.00758155029394411,-0.0255647157337333
0.0160465732216743,0.00727424182572744,-0.0914809702606358,-0.00787653533831436,0.0169909057388237,-0.0677811996829456,0.156828723938999,-0.120293623290325,-0.123685456662974,0.131438867779677,0.028996813232791,0.35472371860667,0.0785410446505969,-0.0865532722498055,0.182365831522066,-0.182596006524305,0.184232430912152,0.167875736828023,0.347275753451572,-0.329832553832012,0.0859258494921647,0.175369275486844,0.0783295755516496,0.189304083552592,-0.0149330498240611,-0.174950107690369,0.354122245127485,0.176641504871149,0.0343037643129605,0.0386494511929917,-0.0111551425190959,0.0535636329072443,0.138002885548988,0.0331184680902206,0.114831648523413,0.0992351570426427,0.0635329274426087,-0.0445583575773757,-0.103623218507666,0.110616031314502,-0.0347487580548069,-0.177062362496116,-0.0101718832626428,0.00779275210180593,0.0791684290736471,0.111499544242859,0.00988930092761343,-0.0402153949867663,-0.0798866218025143,-0.00409928682617414,0.047688500835867,0.0222974648109467,-0.0279049649685354,-0.054854332047423,-0.0234643931949332,-0.0287037276627281,-0.0130281401856643,-0.03908659646389,-0.0195495523123601,0.0249470139432407,0.00614309078976576,0.0160837874418805,0.0129496007207276,0.016666988514982
-0.00415469978192557,0.013998521933947,0.0118598210896561,-0.0326774938309532,-0.0039398456469996,0.0518693054201013,-0.0824955944674101,-0.0290456096744472,0.0643050830275891,0.0106712082555712,-0.0401501671573189,-0.128874593317522,-0.0670968535212907,-0.0357276719335634,0.371131089651046,0.312733029539317,-0.338091166681373,0.0507702258404818,0.111170833234019,-0.0585037380827215,-0.149455323937341,-0.211831195624547,-0.0498385027101843,0.0647431103803174,-0.0269079662526464,0.0997326714784729,0.111496401559433,0.194540277521042,-0.150455800276229,-0.0218684683491768,-0.168704029779851,0.257926261024116,-0.317478411399296,-0.100855428446977,0.0616354228831023,0.152109333859674,-0.0540954157200214,-0.0799289376427943,0.0464960954170964,0.0338202823169741,-0.24674129404324,0.0383018685278785,0.0978994764580566,0.0104546620085959,0.163219573304908,0.128537942387677,0.109065334381605,-0.128601789716445,-0.0652999062857036,0.0779261429974266,0.0967924485207378,0.065951367112643,0.0105771810715551,-0.0518869553943682,-0.00848140100023186,-0.0759301906239379,-0.0138096656209939,-0.054607366692482,-0.0278885094215788,0.0234979655171983,0.00694144686900005,0.074819779661519,0.00783889613822734,0.0420571391826565
0.00477004627521227,0.00731671679136319,0.0056330878456493,-0.0044174916292195,0.0648199349421878,-0.0251904120560542,0.0454935018903272,-0.0198055012569692,0.0717297144854455,0.086365238782323,0.118804588446548,0.093954277573537,0.0609340863027737,-0.0716923386936965,0.0144848865500179,-0.0151375715809471,-0.0289425638179099,0.409667084773938,-0.0480507141690183,-0.403811079302336,0.0108487594637982,0.0825096682036589,0.0988297135663121,0.00499776275476491,0.131715553590238,-0.0446258536180772,-0.202757805140523,-0.0529686944281758,0.0545556861796341,-0.0157393743798461,0.128294671105738,0.0456209968306348,-0.320867045739249,-0.172548789240384,-0.122467647079168,-0.0644300540889027,0.00760014989706015,-0.116430593540639,0.0142644183650417,-0.160746510310994,0.189598593676473,0.328582262050676,0.0920207848070086,0.0206909911940483,-0.00356261746448043,-0.269375350819716,0.117166013577618,-0.14353127038148,0.0993898746131664,0.0470514925772575,-0.0280647229153956,-0.0859613600409348,0.0668526544100623,0.0733489510484372,0.0665356634859671,0.124395597542267,-0.006035878102487,0.00641890427610172,0.0297940978343445,-0.0956427966376583,-0.00115443392239603,0.0140804709268766,-0.0189679409452595,-0.00426517626328851
-0.00195537120550705,0.00166769876453406,-0.0051614615997992,-0.0238599353993761,-0.000854976050485284,0.0116415106572409,-0.00863640310706234,-0.0215488568840501,-0.0163003036703417,0.0958208149358153,-0.0272654431169245,-0.0688673008050732,-0.0676533226571241,-0.00608184488169316,0.103245311132405,0.115998292744679,-0.144879472678722,-0.182303969728387,0.315713301956066,-0.105677708432257,0.0225086436985836,-0.437858204218787,0.244016790137709,0.00218660966529054,-0.214127665953964,0.0213614210746706,0.172107260883361,0.00131358776831591,0.0544979800157868,-0.0553534033108492,-0.0204297705943354,0.01947126879413,0.0760147576929243,-0.0588520817683522,-0.081063204727009,-0.0831012099724987,0.0817690102578486,0.096888300555923,-0.141107701404635,0.000351782667622572,0.180262513390516,-0.0705673712589649,-0.150560959873229,0.0383318236384649,-0.10436956487712,-0.342498617787572,-0.0673106102434923,0.062889060239908,0.112109252483607,-0.149501669266762,-0.223643823793502,-0.161655931453558,0.0200879337716397,0.0157785858418632,0.0884167815296919,0.188994658738283,0.0963480178243579,0.124681801061228,0.0351220258915578,-0.0620364964405049,0.0175799920411572,-0.100547682317899,0.0291789835817028,-0.0449235059160494
0.00280039473990145,-0.00372165764924451,-0.00226294641503999,-0.00361460643792019,0.0117476116786584,-0.00991318380391738,0.037190467478579,-0.035142686264716,0.0231406438450532,0.0613035430256177,0.0570467573439352,-0.00197965651654876,-0.0208963863644734,-0.103875449915187,-0.0689876676976855,0.061457666311215,-0.0235884829982781,0.289130740030613,-0.0643516239608413,-0.131629716063217,-0.0023339817174031,-0.0596058345449177,0.043065974073263,0.21434257002635,0.057673964516649,0.349842155371387,-0.225979763045665,-0.258056480564376,0.0516247920724113,-0.126506791496844,-0.0928755588138957,-0.0339432838510928,-0.185637218188427,0.00838007560764571,-0.106175303616195,0.102224775148222,0.0174093263189971,0.0419477571513761,-0.139612250764209,0.181468335095321,0.0162092505243827,-0.324585136393015,-0.180799720973555,0.0807714273950269,-0.149532847151654,0.0558490514291156,-0.123557348327158,0.192294929207597,-0.135662251855357,-0.144732421902676,0.0230071028218214,0.0646117377782479,-0.0854966629987504,-0.265159508434546,-0.143067710426023,-0.0857835474004062,0.0157650405157394,0.0226289427992591,-0.0923273676554747,0.166629073641426,0.0696853155781063,-0.0948186439859639,0.0783460561638867,-0.0340763425981587
-0.00212253412976757,-0.000454046211228664,0.00700123788696029,0.0131194486979631,0.0125345548151417,-0.0107769481617392,0.0202778219190179,-0.0214090691869065,0.0350191129342258,0.0230161910613738,0.00407997218130786,-0.0432158536986199,-0.0515138911569742,-0.0487349577334664,0.00910722832530961,-0.00562860037803295,-0.106110038664995,-0.154316182562399,0.122384012980416,-0.0433014055504654,0.167979145451179,-0.200760030512547,0.302483761186356,-0.0167917323856321,0.0206911061608805,-0.152719173702552,0.0152680076174216,-0.209968793979171,-0.0378150151770078,-0.13323420055673,0.242941774829895,0.0503610284882847,0.0215028746329408,0.0326434773867321,0.0529541264501426,-0.113095538486378,0.0286140526380375,-0.150693069568202,0.161727026500099,-0.064775473396228,0.328355661780095,0.0980431655248106,0.0940333167740374,0.0336757703941552,-0.207484021466185,0.216720578126694,-0.0356309791981579,-0.0469916928494865,-0.0401928665078778,0.108907758830793,0.0926206394690087,0.204325889640825,0.0540957115537334,-0.122302763012901,-0.115124546228772,-0.392396371671352,-0.190583850876195,-0.115370894376006,-0.127298409517972,0.0512130839728109,-0.0236836023088951,0.105896133524028,0.0569046109329954,0.0672261673835532
0.00204036180667715,0.00589301723225705,-0.0110754102126155,-0.000940821756920899,0.00873929056757948,-0.00708634670512885,0.0131225804343613,-0.0143140245240677,0.0292433436931834,0.0301666302113681,0.0207312317772831,0.0149564522216394,-0.0267812378311049,-0.0914742620984719,-0.0547444881442289,-0.0207478735494798,0.0483695861816399,0.122073862719768,0.0426352547117102,-0.0320364979248557,-0.0503492525020535,-0.196345119680328,-0.0810498326788574,0.258441342254654,0.0535313481772414,0.209327020305932,0.0468763469994583,-0.199897997031622,-0.0192752103386914,0.205764064754653,0.215194988966171,0.11580934997344,0.139346322078663,-0.0966834328826868,0.00176670307981808,-0.0434840700545042,-0.0398554296111121,0.211516649211174,0.0640166108639653,0.051849051402423,-0.180932082046169,-0.0593508947923419,0.0760973498814439,-0.115054125094752,0.00257396254652441,-0.050186688146466,-0.168436269556899,0.0342827340865332,0.325775403602004,0.0988665167710734,0.035333133823235,-0.0315735166244963,-0.0222850616509849,0.263648117375657,0.0276267624146144,-0.31090460516819,0.221459515546291,-0.20864144259185,0.078607115272097,-0.16798242882674,-0.107667896682294,0.103211680231463,-0.187196036773184,0.132760340488959
-0.000405424285287488,-0.00474986609200754,0.0011197111161357,0.00377276743252,0.00543843287944881,0.00149025133230215,0.0145807380253667,-0.00557202427204137,-0.0122759948599034,0.00718140090250118,0.00243768899644268,-0.0131564379344427,-0.00842900265833207,-0.0251940881789861,0.015405982028875,0.019173556170127,-0.0757337433639349,-0.0802709919558499,0.0138543773466569,0.00506790168149453,0.172461444468434,-0.021250877165301,0.168689776203955,0.0216120046815122,0.232763904657123,-0.0679656912941155,-0.123556500327909,-0.0283228289214173,-0.177622155003834,-0.221764864787798,0.152070310602784,0.0399088039575672,0.0269342246757856,-0.0993697232530933,0.203626100579382,0.273426732561093,0.0383178511749898,-0.0294112496177402,0.0515049003790222,0.0623724767471027,0.0339746976569989,0.0143436839524903,0.0654546331348617,-0.0647713645925142,-0.00898983820556863,0.158263168344744,-0.0763153977964473,0.251271828042128,-0.143763859016871,0.00190244748816447,0.110386382342266,0.0180308962402346,-0.0205687573691526,0.000837058449815358,-0.099315405903114,0.350508095589881,0.279670998504745,-0.073499455444129,0.415953822006255,-0.222102872985514,-0.0141936991917154,-0.0215882812325638,-0.16289410179875,-0.0839161385979278
-0.000838108093791136,-0.00200806055250328,-0.000810137706313388,-0.00394863807542513,0.00586933912990395,0.00420874685090749,0.00084697923594826,0.00373366650411946,0.0206154030767208,-0.00641052967252045,-0.00650662712831613,-0.0185527804028675,-0.00991810192206465,-0.0286311588901741,-0.00495831001748698,-0.0184707098817964,0.00542433424824215,0.0312454483695906,-0.0017769964940939,0.0611581692944813,-0.0352123288059184,-0.119115344658875,-0.0724863317294033,0.160230555710119,0.0800850327479835,0.0996387489229267,-0.0140357140389783,-0.0113936501948699,-0.0254352685135824,0.278068499329094,0.247485017724425,0.0520582904148683,0.152692097167416,-0.0968845078095771,-0.071457320479708,0.173523952792936,0.196229236230197,-0.0813281388068869,0.0718037254652405,-0.124499475629237,0.0331290085295943,-0.0558417852664141,-0.0348851878828788,0.0120316123723472,-0.00831343475584072,0.109180438818573,-0.103758696604358,-0.308677880590758,-0.063901500969719,0.195923950815678,-0.0416684359952113,0.189731895559278,0.0972378453165173,0.0268935701059023,0.175091232587076,0.0527156206173121,-0.0182953624423157,0.281507221824459,0.159072441354741,0.113837956930305,0.382774505498355,-0.197868081393349,0.150841728627955,-0.284043483986544
0.000715283182617946,0.00475983136447058,-0.00545018971692467,0.00272142688508591,-0.000831744389568719,-0.00713878349146888,-0.00171747346519334,-0.000705425726637735,-0.00139961457096643,0.00830325299043437,-0.00566952492610861,0.00932404115194179,-0.0125786773935027,-0.00936023593787807,-0.00184752002723575,0.000939519209210048,0.00892730317092923,0.00603647014786907,-0.00091203641696318,-0.0325194967418919,0.0742346936972774,-0.003583114415943,0.0515440776805021,-0.0146205965206243,0.153614334101954,-0.0532052250700179,0.0722897073198944,0.0375964706461774,-0.126565376714525,-0.166392377633536,0.135860648021614,-0.0461179450401589,0.0511937363058257,-0.148194979481587,0.124996240484055,0.244908973493956,-0.22797107802119,0.138732382644252,0.15793257121714,-0.0849716606279422,-0.150693042690263,0.10438887006578,-0.133607814622096,-0.0351719272484059,0.0348843006307314,-0.182344915352607,-0.0951560251045365,0.280088388271789,0.188120963605924,-0.160006917777396,0.218040862984626,0.0244517465624006,-0.0463828756212909,0.197930766119933,0.060287098314862,0.0277531550320557,-0.141196579155338,0.173612706234879,-0.295409145412143,0.185219816790335,0.271286993688163,0.207558405674576,0.266183212200254,-0.0155220900031195
0.000101951402419469,0.00143879499912994,-0.00119288182272251,-0.00504991268500334,0.00205037116843796,0.00100998398803271,0.00502452678840208,0.00136069013081841,0.0123272496802135,0.00493349886467206,-0.00370806596301864,-0.0134675049709005,-0.00546530457453251,-0.00620267493604881,0.00343769469034952,-0.01662919757203,-0.022511768548493,0.0212942524842535,-0.0165850523031814,0.0624013851808238,0.000440479710061076,-0.0227401544978278,0.00669606734432646,0.0355300771042814,0.024143111940162,0.0468263918725674,-0.0176226255548763,0.0594175906557816,-0.0160253054160097,0.154587581146333,0.122256322234685,0.00728317689857659,0.0357257020933982,0.0279698268983174,-0.19562631008207,0.199653828922457,0.125857571896418,-0.0591181359406998,0.121093540924175,-0.102745232986672,0.139310047179576,-0.0837644774756372,-0.125777234580799,0.340903894393027,0.130474060826591,0.105610572420955,-0.134017157571653,0.0309786622137244,-0.00290119950014876,0.0414314101604452,-0.117244390687603,0.0538424760246786,0.102858479886055,-0.0251888041130519,0.0672555404622863,0.323859369955194,0.019028570215694,-0.00999685625366939,-0.124444099701667,0.154606226975314,-0.127133940410129,0.270322829823832,-0.124013207544489,0.5768220578295
-0.000470050914395418,-0.00161768834844186,-0.000551336497080411,-0.00355277196297341,0.00329594968324371,-0.00210900903391691,0.00124122692141628,0.0135643169496858,0.0121534616216715,0.00180265365883001,-0.0082511017606326,-0.00603983428288762,-0.0203963875539131,0.0117496622300573,0.0100586741201752,0.00300123144489995,0.0121263592702726,-0.000643588135104189,0.0101809756946534,-0.00641167982349131,0.0186594994510293,0.0149690239380349,0.00628757216097279,0.00585682865866316,0.0407751198904607,0.00761973539505445,0.0639155703901892,0.0241395920035383,-0.0380680230772789,-0.118186600411885,0.0382629917489303,-0.0528571762910478,0.0238289077192647,-0.0514176598973727,0.0727385414914478,0.120481437163835,-0.19369458246732,0.0503554386614967,-0.0638748289807343,-0.21336328032568,-0.0694868188722642,0.00527856108527413,-0.259985118936074,0.0516786545302348,0.0789972404976809,-0.279975896660066,-0.00295627198895384,-0.0450022328145284,0.0317729804246659,0.038106149253086,0.0127540383776523,0.393993023801765,0.0151853386297515,-0.0149348963477658,-0.0229814595864392,-0.0908096904318193,-0.297982430261985,-0.0456407965556011,0.229377245756665,0.20333924694904,-0.259835884141573,-0.381039209845476,-0.360210863342459,0.0550283742829831
0.000631456189161836,0.00277883367645129,-0.00491099253198482,-0.00251264550448809,0.00725711302427082,0.00713228051221473,0.0118065876697354,-0.00256818516854406,-0.00270603596025632,0.00363689067027425,-0.00728167851655881,0.00404537816542261,-0.00432288809945473,-0.00236137083282893,-0.00786032849912575,-0.00195154978609415,-0.0054418780694306,0.00411013689446355,-0.00865512186508769,0.0109855519663009,0.00657731269048023,-0.00672638929330671,0.0087187635543796,-0.00841420177569947,-0.0117520939945536,0.0112128236709189,-0.0355601209023765,0.0662292077477402,-0.0274492862721098,0.046745520813383,0.00672299064240597,0.0329286336672137,0.0368761391882531,0.0524127994694333,-0.184394699973928,0.124165573521177,0.0232015112263994,-0.0263977175274624,0.0306462188814974,-0.04227105648004,0.0759606391068469,-0.0826265841445105,-0.0854355125925029,0.276066137144013,0.211060117287147,0.125662705938121,0.0213875295906829,0.0646005116008413,0.317231871212504,-0.126426724007234,0.186747633937819,0.0531577500640728,0.40296731825946,-0.0060409851514843,-0.107719101176035,0.0275435043709047,0.00805238388537817,-0.116866276301353,-0.177826095472012,-0.209739126573508,-0.332693641381902,-0.0634531983742886,0.116208686695527,-0.473134057706239
